ticker,aum_usd,updated_date
SPY,821033131008.9111,2026-10-05
VOO,1053799443247.5396,2026-10-05
IVV,894601016418.457,2026-10-05
QQQ,509792238229.3701,2026-10-05
QQQM,112701886102.41562,2026-10-05
DIA,45291007104.49219,2026-10-05
IWM,79561746612.54883,2026-10-05
IWB,49296776936.34033,2026-10-05
VTI,701015457306.8779,2026-10-05
ITOT,97609885057.06787,2026-10-05
XLK,130968178526.00098,2026-10-05
XLF,50393964999.00818,2026-10-05
XLV,43142963473.98743,2026-10-05
XLE,40563535121.917725,2026-10-05
XLI,30623104098.815918,2026-10-05
XLY,21483314843.75,2026-10-05
XLP,13336752950.668335,2026-10-05
XLC,23103270126.342773,2026-10-05
XLU,22647002691.65039,2026-10-05
XLRE,7550385160.064697,2026-10-05
XLB,7823475000.0,2026-10-05
VUG,238288860305.68384,2026-10-05
VTV,185830604608.58154,2026-10-05
IVW,79940099023.4375,2026-10-05
IVE,48798965837.09717,2026-10-05
IWF,130775821218.87207,2026-10-05
IWD,81780094199.37134,2026-10-05
IWO,14406479516.601562,2026-10-05
IWN,14011839280.700684,2026-10-05
IJH,123712404512.4054,2026-10-05
SMH,78218111941.09692,2026-10-05
SOXX,48870379809.57031,2026-10-05
XSD,3259277899.169922,2026-10-05
AIQ,10586512828.35846,2026-10-05
BOTZ,3414956719.772518,2026-10-05
ROBO,2098151079.8034668,2026-10-05
SKYY,3439260265.522278,2026-10-05
CIBR,17973996074.21788,2026-10-05
HACK,3449448092.651367,2026-10-05
ITA,12077282750.701904,2026-10-05
XAR,5643231970.214844,2026-10-05
PPA,7575566127.166748,2026-10-05
PAVE,13816845967.781662,2026-10-05
URA,5616740397.276154,2026-10-05
URNM,1849472329.3304443,2026-10-05
VT,82996620170.61946,2026-10-05
ACWI,33317548126.220703,2026-10-05
URTH,8279435121.154785,2026-10-05
VEU,68919574555.56479,2026-10-05
VXUS,165214587073.4124,2026-10-05
IXUS,59428239056.396484,2026-10-05
VGK,29424331569.099884,2026-10-05
EZU,9370637128.448486,2026-10-05
FEZ,4224706402.3545456,2026-10-05
EWU,3649009891.51001,2026-10-05
EWG,1472625000.0,2026-10-05
EWQ,334320007.32421875,2026-10-05
EWL,2681514924.0493774,2026-10-05
EWI,1164172533.9889526,2026-10-05
EWP,2363299487.686157,2026-10-05
EWJ,24085215740.203857,2026-10-05
DXJ,7192415832.519531,2026-10-05
HEWJ,667799987.7929688,2026-10-05
MCHI,5980831860.3515625,2026-10-05
KWEB,4474483985.742268,2026-10-05
FXI,3904597323.989868,2026-10-05
ASHR,1390890097.652443,2026-10-05
KBA,117312516.75926399,2026-10-05
EWH,1154354274.2729187,2026-10-05
EWT,12885600000.0,2026-10-05
EWY,27302196957.39746,2026-10-05
INDA,563496996.307373,2026-10-05
INDY,495373983.3831787,2026-10-05
EPI,1790541925.8117676,2026-10-05
VNM,478128512.9547119,2026-10-05
EIDO,417796002.6741028,2026-10-05
THD,425306019.9737549,2026-10-05
EWS,1514992923.5458374,2026-10-05
EWM,284760008.8119507,2026-10-05
EWZ,10113193892.288208,2026-10-05
EWW,1494896057.1289062,2026-10-05
ECH,969000000.0,2026-10-05
ILF,4221390068.054199,2026-10-05
EEM,31856356555.93872,2026-10-05
VWO,128039697813.56847,2026-10-05
IEMG,164569023605.34668,2026-10-05
EMXC,26478675000.0,2026-10-05
KSA,589798007.3928833,2026-10-05
UAE,320937500.0,2026-10-05
GLD,140471450482.17773,2026-10-05
IAU,61703477758.02612,2026-10-05
GLDM,30593745569.992065,2026-10-05
SLV,30117519583.511353,2026-10-05
SIVR,4281084590.148926,2026-10-05
USO,1630485658.172409,2026-10-05
BNO,657515008.1634521,2026-10-05
XOP,4076820053.100586,2026-10-05
OIH,1894774380.7003784,2026-10-05
UNG,476291395.2609358,2026-10-05
FCG,655659301.2732601,2026-10-05
CPER,715487010.9558105,2026-10-05
COPX,7377726388.521179,2026-10-05
DBC,1938542759.0704346,2026-10-05
PDBC,7738577000.0,2026-10-05
GSG,1022732522.0108032,2026-10-05
SGOV,113126786563.11035,2026-10-05
BIL,50708465108.21283,2026-10-05
SHY,26578024600.219727,2026-10-05
IEF,41401151147.46094,2026-10-05
TLT,47006256372.07031,2026-10-05
LQD,26862754483.032227,2026-10-05
HYG,17882454779.815674,2026-10-05
TIP,14141280456.542969,2026-10-05
EMB,12701803485.107422,2026-10-05
IBIT,68898872348.48022,2026-10-05
